<application>
  <component name="FileTypeManager" version="17">
    <extensionMap>
      <mapping pattern="20190514100009-alter-custom-salary-line-to-organization-add-fixed" type="JavaScript" />
      <mapping pattern="20190910142319-rename-amount" type="PLAIN_TEXT" />
      <mapping pattern="GetToken" type="PLAIN_TEXT" />
      <mapping pattern="sdf" type="PLAIN_TEXT" />
      <mapping ext="js_d" type="PLAIN_TEXT" />
      <mapping ext="pegjs" type="PLAIN_TEXT" />
      <mapping ext="dump" type="PLAIN_TEXT" />
    </extensionMap>
  </component>
</application>